Workbook

Sheet Como preencher
A1: Como preencher
A2: 1. Colunas em AMARELO (L a O) são para preencher: links da Roma, Pneu Store e Achei Pneus, e o SKU da Achei.
A3: 2. Os 14 pneus já monitorados vieram preenchidos com os links atuais: use como exemplo do formato.
A4: 3. URL = endereço completo da página do produto, copiado do navegador (começa com https://).
A5: 4. SKU Achei = número do produto na Achei Pneus (o painel usa para ler preço e parcelas pela API).
A6: 5. Pneu que o concorrente não vende: deixe em branco e escreva "não vende" na Observação.
A7: 6. Produto diferente (outra medida ou desenho): cole o link e escreva "alternativo" na Observação.
A8: 7. Itens fora do site da Roma: o painel compara só os concorrentes até a Roma cadastrar o pneu.
A9: 8. Não mude os nomes das colunas: o painel vai ler este arquivo.

Sheet Resumo
A1: Resumo da base de itens
B3: Varejo | C3: Distribuição | D3: Total
A4: Itens na base | B4: =COUNTIFS(Itens!B2:B73,"Varejo") -> 59 | C4: =COUNTIFS(Itens!B2:B73,"Distribuição") -> 13 | D4: =COUNTIFS(Itens!A2:A73,">0") -> 72
A5: No site da Roma | B5: =COUNTIFS(Itens!B2:B73,"Varejo",Itens!I2:I73,"Sim") -> 53 | C5: =COUNTIFS(Itens!B2:B73,"Distribuição",Itens!I2:I73,"Sim") -> 3 | D5: =COUNTIFS(Itens!A2:A73,">0",Itens!I2:I73,"Sim") -> 56
A6: Fora do site da Roma | B6: =COUNTIFS(Itens!B2:B73,"Varejo",Itens!I2:I73,"Não") -> 6 | C6: =COUNTIFS(Itens!B2:B73,"Distribuição",Itens!I2:I73,"Não") -> 10 | D6: =COUNTIFS(Itens!A2:A73,">0",Itens!I2:I73,"Não") -> 16
A7: Já monitorados hoje | B7: =COUNTIFS(Itens!B2:B73,"Varejo",Itens!H2:H73,"Sim") -> 14 | C7: =COUNTIFS(Itens!B2:B73,"Distribuição",Itens!H2:H73,"Sim") -> 0 | D7: =COUNTIFS(Itens!A2:A73,">0",Itens!H2:H73,"Sim") -> 14
A8: Novos a monitorar | B8: =COUNTIFS(Itens!B2:B73,"Varejo",Itens!H2:H73,"Não") -> 45 | C8: =COUNTIFS(Itens!B2:B73,"Distribuição",Itens!H2:H73,"Não") -> 13 | D8: =COUNTIFS(Itens!A2:A73,">0",Itens!H2:H73,"Não") -> 58
A9: Pneus vendidos (mai–out) | B9: =SUMIFS(Itens!G2:G73,Itens!B2:B73,"Varejo") -> 9196 | C9: =SUMIFS(Itens!G2:G73,Itens!B2:B73,"Distribuição") -> 521 | D9: =SUM(Itens!G2:G73) -> 9717
A11: Links preenchidos | B11: Roma | C11: Pneu Store | D11: Achei Pneus
A12: Quantidade | B12: =COUNTA(Itens!L2:L73) -> 71 | C12: =COUNTA(Itens!M2:M73) -> 71 | D12: =COUNTA(Itens!N2:N73) -> 66
A14: Fonte: aba "TOP Vendas maio a Out" e aba "Pneus-SIte2" do arquivo Base_de_itens_para_o_site.xlsx, enviado pelo Lucas.

Sheet Itens
A1: ID | B1: Canal | C1: Posição no canal | D1: Produto (base de vendas) | E1: Medida | F1: Tipo | G1: Qtd vendida (mai–out) | H1: Já monitorado hoje? | I1: No site da Roma? | J1: Código Roma | K1: Preço no site (R$) | L1: URL Roma | M1: URL Pneu Store | N1: URL Achei Pneus | O1: SKU Achei Pneus | P1: Observação
A2: 1 | B2: Varejo | C2: 1 | D2: 175/65R14 KELLY EDGE TOURING 2 86H XL | E2: 175/65R14 | F2: Passeio | G2: 567 | H2: Sim | I2: Sim | J2: 924096 | K2: 306.81 | L2: https://romapneus.com.br/175-65-r14-edgetouring2 | M2: https://www.pneustore.com.br/pneu-kelly-by-goodyear-aro-14-edge-touring-2-175-65r14-86h-xl-16007686 | N2: https://www.acheipneus.com.br/pneu-17565r14-goodyear-kelly-edge-touring-2-86h | O2: 50564
A3: 2 | B3: Varejo | C3: 2 | D3: 175/65R14 ASSURANCE MAXLIFE 86H XL | E3: 175/65R14 | F3: Passeio | G3: 482 | H3: Sim | I3: Sim | J3: 923865 | K3: 353.31 | L3: https://romapneus.com.br/175-65-r14-maxlifeh2 | M3: https://www.pneustore.com.br/pneu-goodyear-aro-14-assurance-maxlife-175-65r14-86h-xl-10130199 | N3: https://www.acheipneus.com.br/pneu-175-65r14-goodyear-assurance-maxlife-86h-p994546 | O3: 26397
A4: 3 | B4: Varejo | C4: 3 | D4: 175/70R13 EDGE TOURING 2 82T SL | E4: 175/70R13 | F4: Passeio | G4: 433 | H4: Sim | I4: Sim | J4: 924049 | K4: 297.51 | L4: https://romapneus.com.br/175-70-r13-edgetouring2 | M4: https://www.pneustore.com.br/pneu-kelly-by-goodyear-aro-13-edge-touring-2-175-70r13-82t-16009113 | N4: https://www.acheipneus.com.br/pneu-17570r13-goodyear-kelly-edge-touring-2-82t | O4: 50705
A5: 4 | B5: Varejo | C5: 4 | D5: 205/55R17 WRANGLER TERRITORY HT 91V SL | E5: 205/55R17 | F5: SUV / Caminhonete | G5: 385 | H5: Não | I5: Sim | J5: 923986 | K5: 711.36 | L5: https://romapneus.com.br/205-55-r17-wranglerterritory | M5: https://www.pneustore.com.br/pneu-goodyear-aro-17-wrangler-territory-ht-205-55r17-91v-16004182 | N5: https://www.acheipneus.com.br/pneu-205-55r17-goodyear-wrangler-territory-ht-91v-p999658 | P5: Somadas 2 linhas da base (com e sem "F" no nome): mesmo código no site
A6: 5 | B6: Varejo | C6: 5 | D6: 205/55R16 EAGLE SPORT 2 91V SL | E6: 205/55R16 | F6: Passeio | G6: 309 | H6: Não | I6: Sim | J6: 111418 | K6: 446.31 | L6: https://romapneus.com.br/205-55-r16-eaglesport2 | M6: https://www.pneustore.com.br/pneu-goodyear-aro-16-eagle-sport-2-205-55r16-91v-16001418 | N6: https://www.acheipneus.com.br/pneu-205-55r16-goodyear-eagle-sport-2-91v-p998372
A7: 6 | B7: Varejo | C7: 6 | D7: 185/60R15 EDGE SPORT 2 88H XL | E7: 185/60R15 | F7: Passeio | G7: 275 | H7: Sim | I7: Sim | J7: 1452 | K7: 423.06 | L7: https://romapneus.com.br/185-60r15-edge-sport-2-88h-xl | M7: https://www.pneustore.com.br/pneu-kelly-by-goodyear-aro-15-edge-sport-2-185-60r15-88h-xl-16015387 | N7: https://www.acheipneus.com.br/pneu-18560r15-goodyear-kelly-edge-sport-2-88h | O7: 59684
A8: 7 | B8: Varejo | C8: 7 | D8: 205/65R16 EFFICIENTGRIP SUV 95H SL | E8: 205/65R16 | F8: SUV / Caminhonete | G8: 271 | H8: Sim | I8: Sim | J8: 923983 | K8: 619.29 | L8: https://romapneus.com.br/205-65-r16-efficientgripsuv2 | M8: https://www.pneustore.com.br/pneu-goodyear-aro-16-efficientgrip-suv-205-65r16-95h-16001154 | N8: https://www.acheipneus.com.br/pneu-205-65-r16-efficientgrip-suv-95h-goodyear-original-hyundai-creta-p988568 | O8: 2042
A9: 8 | B9: Varejo | C9: 8 | D9: 215/55R17 94V EFFIGRIP SUV SL | E9: 215/55R17 | F9: SUV / Caminhonete | G9: 254 | H9: Sim | I9: Sim | J9: 2081 | K9: 702.99 | L9: https://romapneus.com.br/215-55r17-94v-effigrip-suv-sl | M9: https://www.pneustore.com.br/pneu-goodyear-aro-17-efficientgrip-suv-215-55r17-94v-16017792 | N9: https://www.acheipneus.com.br/pneu-215-55r17-efficientgrip-suv-goodyear-94v-p989035 | O9: 20303
A10: 9 | B10: Varejo | C10: 9 | D10: 185/60R15 EAGLE SPORT 2 88H XL | E10: 185/60R15 | F10: Passeio | G10: 252 | H10: Não | I10: Sim | J10: 923976 | K10: 479.79 | L10: https://romapneus.com.br/185-60-r15-eaglesport2 | M10: https://www.pneustore.com.br/pneu-goodyear-aro-15-eagle-sport-2-185-60r15-88h-xl-16001785 | N10: https://www.acheipneus.com.br/pneu-185-60r15-goodyear-eagle-sport-2-88h-p999962
A11: 10 | B11: Varejo | C11: 10 | D11: 185/65R15 EAGLE SPORT 2 88H SL | E11: 185/65R15 | F11: Passeio | G11: 250 | H11: Não | I11: Sim | J11: 923978 | K11: 483.51 | L11: https://romapneus.com.br/185-65-r15-eaglesport2sl | M11: https://www.pneustore.com.br/pneu-goodyear-aro-15-eagle-sport-2-185-65r15-88h-16001786 | N11: https://www.acheipneus.com.br/pneu-185-65r15-goodyear-eagle-sport-2-88h-p999739
A12: 11 | B12: Varejo | C12: 11 | D12: 215/60R17 EFFICIENTGRIP SUV 96H SL | E12: 215/60R17 | F12: SUV / Caminhonete | G12: 243 | H12: Não | I12: Sim | J12: 923982 | K12: 785.76 | L12: https://romapneus.com.br/215-65-r17-efficientgripsuv2 | M12: https://www.pneustore.com.br/pneu-goodyear-aro-17-efficientgrip-suv-215-60r17-96h-16001153 | N12: https://www.acheipneus.com.br/pneu-215-60-r17-efficientgrip-suv-goodyear-96h-original-hyundai-creta-asx-p988413
A13: 12 | B13: Varejo | C13: 12 | D13: 175/70R14 ASSURANCE MAXLIFE 88T XL | E13: 175/70R14 | F13: Passeio | G13: 220 | H13: Não | I13: Sim | J13: 923866 | K13: 406.32 | L13: https://romapneus.com.br/175-70-r14-assurancemaxlife2 | M13: https://www.pneustore.com.br/pneu-goodyear-aro-14-assurance-maxlife-175-70r14-88t-xl-10130217 | N13: https://www.acheipneus.com.br/pneu-175-70r14-goodyear-assurance-maxlife-88t-p995143
A14: 13 | B14: Varejo | C14: 13 | D14: 195/55R16 EFFICIENTGRIP PERFORMANCE 91V XL | E14: 195/55R16 | F14: Passeio | G14: 220 | H14: Sim | I14: Sim | J14: 923993 | K14: 557.91 | L14: https://romapneus.com.br/195-55-r16-efficientgripperformance1 | M14: https://www.pneustore.com.br/pneu-goodyear-aro-16-efficientgrip-performance-195-55r16-91v-xl-16004185 | N14: https://www.acheipneus.com.br/pneu-195-55-r16-efficientgrip-performance-91v-goodyear-p988638 | O14: 5233
A15: 14 | B15: Varejo | C15: 14 | D15: 175/70R14 KELLY EDGE TOURING 2 88T XL | E15: 175/70R14 | F15: Passeio | G15: 213 | H15: Sim | I15: Sim | J15: 924051 | K15: 368.19 | L15: https://romapneus.com.br/175-70-r14-edgetouring2 | M15: https://www.pneustore.com.br/pneu-kelly-by-goodyear-aro-14-edge-touring-2-175-70r14-88t-xl-16009114 | N15: https://www.acheipneus.com.br/pneu-17570r14-goodyear-kelly-edge-touring-2-88t | O15: 50473
A16: 15 | B16: Varejo | C16: 15 | D16: 205/60R16 WRANGLER TERRITORY HT 92H SL | E16: 205/60R16 | F16: SUV / Caminhonete | G16: 210 | H16: Não | I16: Sim | J16: 924104 | K16: 637.89 | L16: https://romapneus.com.br/205-60-r16-territoryht2 | M16: https://www.pneustore.com.br/pneu-goodyear-aro-16-wrangler-territory-ht-205-60r16-92h-16010631 | N16: https://www.acheipneus.com.br/pneu-205-60r16-goodyear-wrangler-territory-ht-92h-p999662
A17: 16 | B17: Varejo | C17: 16 | D17: 185/65R15 EDGE SPORT 2 88H SL | E17: 185/65R15 | F17: Passeio | G17: 206 | H17: Sim | I17: Sim | J17: 1445 | K17: 433.29 | L17: https://romapneus.com.br/185-65r15-edge-sport-2-88h-sl | M17: https://www.pneustore.com.br/pneu-kelly-by-goodyear-aro-15-edge-sport-2-185-65r15-88h-16015386 | N17: https://www.acheipneus.com.br/pneu-18565r15-goodyear-kelly-edge-sport-2-88h | O17: 59686
A18: 17 | B18: Varejo | C18: 17 | D18: 205/55R16 EDGE SPORT 2 91V SL | E18: 205/55R16 | F18: Passeio | G18: 186 | H18: Sim | I18: Sim | J18: 924044 | K18: 427.71 | L18: https://romapneus.com.br/205-55-r16-edgesport2 | M18: https://www.pneustore.com.br/pneu-kelly-by-goodyear-aro-16-edge-sport-2-205-55r16-91v-16009120 | N18: https://www.acheipneus.com.br/pneu-20555r16-goodyear-kelly-edge-sport-2-91v | O18: 50568
A19: 18 | B19: Varejo | C19: 18 | D19: 165/70R13 EDGE TOURING 2 83T XL | E19: 165/70R13 | F19: Passeio | G19: 155 | H19: Não | I19: Sim | J19: 924050 | K19: 306.81 | L19: https://romapneus.com.br/165-75-r13-edgetouring2 | M19: https://www.pneustore.com.br/pneu-kelly-by-goodyear-aro-13-edge-touring-2-165-70r13-83t-xl-16009112 | N19: https://www.acheipneus.com.br/pneu-16570r13-goodyear-kelly-edge-touring-2-83t
A20: 19 | B20: Varejo | C20: 19 | D20: 185/60R15 EFFICIENTGRIP PERF 88H XL | E20: 185/60R15 | F20: Passeio | G20: 150 | H20: Não | I20: Sim | J20: 923811 | K20: 529.08 | L20: https://romapneus.com.br/185-60-r15-efficientgripperf2 | M20: https://www.pneustore.com.br/pneu-goodyear-aro-15-efficientgrip-performance-185-60r15-88h-xl-10130112 | N20: https://www.acheipneus.com.br/pneu-185-60r15-efficientgrip-performance-88h-goodyear-p988162
A21: 20 | B21: Varejo | C21: 20 | D21: 195/55R15 EDGE SPORT 2 85H SL | E21: 195/55R15 | F21: Passeio | G21: 149 | H21: Não | I21: Sim | J21: 924055 | K21: 433.29 | L21: https://romapneus.com.br/185-55-r15-edgesport2 | M21: https://www.pneustore.com.br/pneu-kelly-by-goodyear-aro-15-edge-sport-2-195-55r15-85h-16009118 | N21: https://www.acheipneus.com.br/pneu-19555r15-goodyear-kelly-edge-sport-2-85h
A22: 21 | B22: Varejo | C22: 21 | D22: 195/65R15 EAGLE SPORT 2 91V SL | E22: 195/65R15 | F22: Passeio | G22: 143 | H22: Não | I22: Sim | J22: 923981 | K22: 502.11 | L22: https://romapneus.com.br/195-65-r15-eaglesport2 | M22: https://www.pneustore.com.br/pneu-goodyear-aro-15-eagle-sport-2-195-65r15-91v-16001787 | N22: https://www.acheipneus.com.br/pneu-195-65r15-eagle-sport-2-91v-goodyear-p1000408
A23: 22 | B23: Varejo | C23: 22 | D23: 185/70R14 EDGE TOURING 2 88H SL | E23: 185/70R14 | F23: Passeio | G23: 140 | H23: Não | I23: Sim | J23: 924054 | K23: 423.99 | L23: https://romapneus.com.br/185-70-r14-edgetouring2 | M23: https://www.pneustore.com.br/pneu-kelly-by-goodyear-aro-14-edge-touring-2-185-70r14-88h-16009284 | N23: https://www.acheipneus.com.br/pneu-18570r14-goodyear-kelly-edge-touring-2-88h
A24: 23 | B24: Varejo | C24: 23 | D24: 195/65R15 EDGE SPORT 2 91V SL | E24: 195/65R15 | F24: Passeio | G24: 134 | H24: Sim | I24: Sim | J24: 1453 | K24: 463.05 | L24: https://romapneus.com.br/195-65r15-edge-sport-2-91v-sl | M24: https://www.pneustore.com.br/pneu-kelly-by-goodyear-aro-15-edge-sport-2-195-65r15-91v-16015388 | N24: https://www.acheipneus.com.br/pneu-19565r15-goodyearkelly-edge-sport-2-91v | O24: 59687
A25: 24 | B25: Varejo | C25: 24 | D25: 225/55R18 WRL FORTITUDE HT 98V SL | E25: 225/55R18 | F25: SUV / Caminhonete | G25: 133 | H25: Não | I25: Sim | J25: 924069 | K25: 764.37 | L25: https://romapneus.com.br/225-55-r18-fortitudeht2 | M25: https://www.pneustore.com.br/pneu-goodyear-aro-18-wrangler-fortitude-ht-225-55r18-98v-16018865 | N25: https://www.acheipneus.com.br/pneu-22555r18-goodyear-wrangler-fortitude-ht-98v
A26: 25 | B26: Varejo | C26: 25 | D26: 175/70R13 ASSURANCE MAXLIFE 82T SL | E26: 175/70R13 | F26: Passeio | G26: 131 | H26: Sim | I26: Sim | J26: 923864 | K26: 353.31 | L26: https://romapneus.com.br/175-70-r13-assurancemaxlife2 | M26: https://www.pneustore.com.br/pneu-goodyear-aro-13-assurance-maxlife-175-70r13-82t-10130198 | N26: https://www.acheipneus.com.br/pneu-175-70r13-goodyear-assurance-maxlife-82t-p994549 | O26: 26497
A27: 26 | B27: Varejo | C27: 26 | D27: 205/45R18 EAGLE TOURING 86V SL | E27: 205/45R18 | F27: Passeio | G27: 131 | H27: Não | I27: Sim | J27: 923906 | K27: 645.33 | L27: https://romapneus.com.br/205-45-r18-eagletouring2 | M27: https://www.pneustore.com.br/pneu-goodyear-aro-18-eagle-touring-205-45r18-86v-10130221 | N27: https://www.acheipneus.com.br/pneu-205-45r18-goodyear-eagle-touring-86v-p995395
A28: 27 | B28: Varejo | C28: 27 | D28: 195/55R15 EAGLE SPORT 2 85H SL | E28: 195/55R15 | F28: Passeio | G28: 125 | H28: Não | I28: Sim | J28: 923975 | K28: 474.21 | L28: https://romapneus.com.br/195-55-r15-eaglesport2 | M28: https://www.pneustore.com.br/pneu-goodyear-aro-15-eagle-sport-2-195-55r15-85h-16001419 | N28: https://www.acheipneus.com.br/pneu-195-55r15-goodyear-eagle-sport-2-85h-p998375
A29: 28 | B29: Varejo | C29: 28 | D29: 215/65R16 WRANGLER FORTITUDE HT 102H XL | E29: 215/65R16 | F29: SUV / Caminhonete | G29: 124 | H29: Não | I29: Sim | J29: 923909 | K29: 708.57 | L29: https://romapneus.com.br/215-65-r16-fortitudeht2 | M29: https://www.pneustore.com.br/pneu-goodyear-aro-16-wrangler-fortitude-ht-215-65r16-102h-xl-16000524 | N29: https://www.acheipneus.com.br/pneu-215-65-r16-goodyear-wrangler-fortitude-102h-p996138 | O29: https://www.acheipneus.com.br/pneu-215-65-r16-goodyear-wrangler-fortitude-102h-p996138
A30: 29 | B30: Varejo | C30: 29 | D30: 175/65R15 EDGE SPORT 2 84T SL | E30: 175/65R15 | F30: Passeio | G30: 121 | H30: Não | I30: Sim | J30: 924057 | K30: 435.15 | L30: https://romapneus.com.br/175-65-r15-edgesport2 | M30: https://www.pneustore.com.br/pneu-kelly-by-goodyear-aro-15-edge-sport-2-175-65r15-84t-16009126 | N30: https://www.acheipneus.com.br/pneu-17565r15-goodyear-kelly-edge-sport-2-84t | O30: https://www.acheipneus.com.br/pneu-17565r15-goodyear-kelly-edge-sport-2-84t
A31: 30 | B31: Varejo | C31: 30 | D31: 215/50R17 EFFIGRIP PERF 91V HO | E31: 215/50R17 | F31: Passeio | G31: 111 | H31: Não | I31: Não | L31: https://romapneus.com.br/215-50r17-effigrip-perf-91v-ho | M31: https://www.pneustore.com.br/pneu-goodyear-aro-17-efficientgrip-performance-215-50r17-91v-16007242 | N31: https://www.acheipneus.com.br/pneu-215-50-r17-efficientgrip-performance-goodyear-91v-original-honda-civic-p988315 | O31: https://www.acheipneus.com.br/pneu-215-50-r17-efficientgrip-performance-goodyear-91v-original-honda-civic-p988315 | P31: Não está no site da Roma
A32: 31 | B32: Varejo | C32: 31 | D32: 225/60R18 WRL FORTITUDE HT 104H XL | E32: 225/60R18 | F32: SUV / Caminhonete | G32: 111 | H32: Não | I32: Sim | J32: 924068 | K32: 972.69 | L32: https://romapneus.com.br/225-65-r18-fortitudeht2 | M32: https://www.pneustore.com.br/pneu-goodyear-aro-18-wrangler-fortitude-ht-225-60r18-104h-xl-16009132 | N32: https://www.acheipneus.com.br/pneu-22560r18-goodyear-wrangler-fortitude-ht-104h | O32: https://www.acheipneus.com.br/pneu-22560r18-goodyear-wrangler-fortitude-ht-104h
A33: 32 | B33: Varejo | C33: 32 | D33: 205/60R15 EFFICIENTGRIP PERFORM 91H | E33: 205/60R15 | F33: Passeio | G33: 111 | H33: Não | I33: Sim | J33: 924079 | K33: 557.91 | L33: https://romapneus.com.br/185-60-r15-efficientgrip2 | M33: https://www.pneustore.com.br/pneu-goodyear-aro-15-efficientgrip-performance-205-60r15-91h-16037538 | N33: https://www.acheipneus.com.br/pneu-205-60-r15-efficientgrip-performance-goodyear-91h-crossfox-saveiro-cross-p988280
A34: 33 | B34: Varejo | C34: 33 | D34: 225/55R18 EFFICIENTGRIP SUV 98V SL | E34: 225/55R18 | F34: SUV / Caminhonete | G34: 108 | H34: Não | I34: Sim | J34: 923862 | K34: 841.56 | L34: https://romapneus.com.br/225-55-r18-efficientgripsuv2 | M34: https://www.pneustore.com.br/pneu-goodyear-aro-18-efficientgrip-suv-225-55r18-98v-10130193 | N34: https://www.acheipneus.com.br/pneu-225-55r18-efficientgrip-suv-98h-goodyear-ix35-p987742
A35: 34 | B35: Varejo | C35: 34 | D35: 185/55R16 EAGLE SPORT 2 83V SL | E35: 185/55R16 | F35: Passeio | G35: 103 | H35: Não | I35: Sim | J35: 923980 | K35: 618.36 | L35: https://romapneus.com.br/185-55-r16-eaglesport1 | M35: https://www.pneustore.com.br/pneu-goodyear-aro-16-eagle-sport-2-185-55r16-83v-16001789 | N35: https://www.acheipneus.com.br/pneu-185-55r16-goodyear-eagle-sport-2-83v-p1000550
A36: 35 | B36: Varejo | C36: 35 | D36: 185/65R15 EAGLE TOURING 88H SL DS BC70 | E36: 185/65R15 | F36: Passeio | G36: 102 | H36: Não | I36: Sim | J36: 924075 | K36: 763.52 | L36: https://romapneus.com.br/185-65-r15-eagletouring2 | M36: https://www.pneustore.com.br/pneu-goodyear-aro-15-eagle-touring-185-65r15-88h-16015122 | N36: https://www.acheipneus.com.br/pneu-185-65r15-goodyear-eagle-touring-88h-p1001150 | P36: Base diz "DS BC70"; no site está como "EAGLE TOURING SL": confirmar se é o mesmo
A37: 36 | B37: Varejo | C37: 36 | D37: 195/55R15 EFFICIENTGRIP PERF 85H SL | E37: 195/55R15 | F37: Passeio | G37: 101 | H37: Não | I37: Sim | J37: 923804 | K37: 549.54 | L37: https://romapneus.com.br/185-55-r15-efficientgripperf2 | M37: https://www.pneustore.com.br/pneu-goodyear-aro-15-efficientgrip-performance-195-55r15-85h-10130137 | N37: https://www.acheipneus.com.br/pneu-195-55-r15-efficientgrip-performance-85h-goodyear-original-fox-polo-p988163 | O37: https://www.acheipneus.com.br/pneu-195-55-r15-efficientgrip-performance-85h-goodyear-original-fox-polo-p988163
A38: 37 | B38: Varejo | C38: 37 | D38: 235/45R19 WRANGLER TERRITORY VW 95V SL | E38: 235/45R19 | F38: SUV / Caminhonete | G38: 100 | H38: Não | I38: Não | L38: https://romapneus.com.br/235-45r19-wrangler-territory-vw-95v-sl | M38: https://www.pneustore.com.br/pneu-goodyear-aro-19-wrangler-territory-ht-235-45r19-95v-16001417 | N38: https://www.acheipneus.com.br/pneu-235-45r19-goodyear-wrangler-territory-95v-p1000635 | P38: Não está no site da Roma
A39: 38 | B39: Varejo | C39: 38 | D39: 195/65R15 EFFICIENTGRIP PERFORMANCE 91H SL FP | E39: 195/65R15 | F39: Passeio | G39: 100 | H39: Não | I39: Sim | J39: 923926 | K39: 548.61 | L39: https://romapneus.com.br/195-65-r15-performancesl2 | M39: https://www.pneustore.com.br/pneu-goodyear-aro-15-efficientgrip-performance-195-65r15-91h-10130127 | N39: https://www.acheipneus.com.br/pneu-195-65-r15-efficientgrip-performance-91h-goodyear-p988165
A40: 39 | B40: Varejo | C40: 39 | D40: 205/50R17 EAGLE TOURING 89V SL | E40: 205/50R17 | F40: Passeio | G40: 98 | H40: Não | I40: Sim | J40: 923908 | K40: 776.46 | L40: https://romapneus.com.br/205-55-r17-eagletouring2 | M40: https://www.pneustore.com.br/pneu-goodyear-aro-17-eagle-touring-205-50r17-89v-10130215 | N40: https://www.acheipneus.com.br/pneu-205-50r17-goodyear-eagle-touring-89v-p995081
A41: 40 | B41: Varejo | C41: 40 | D41: 175/70R14 EFFICIENTGRIP PERFORMAN 88T XL | E41: 175/70R14 | F41: Passeio | G41: 97 | H41: Não | I41: Sim | J41: 923832 | K41: 492.21 | L41: https://romapneus.com.br/175-70r14-efficientgrip-performan-88t-xl | M41: https://www.pneustore.com.br/pneu-goodyear-aro-14-efficientgrip-performance-175-70r14-88t-xl-10130200 | N41: https://www.acheipneus.com.br/pneu-175-70-r14-goodyear-efficientgrip-performance-88t-p991403
A42: 41 | B42: Varejo | C42: 41 | D42: 225/75R16C CARGO MARATHON 2 118/116R E | E42: 225/75R16C | F42: Utilitário | G42: 97 | H42: Sim | I42: Sim | J42: 923825 | K42: 1097.31 | L42: https://romapneus.com.br/225-75-r16c-cargomarathon2 | M42: https://www.pneustore.com.br/pneu-goodyear-aro-16-cargo-marathon-2-225-75r16c-118r-10-lonas-9070029 | N42: https://www.acheipneus.com.br/pneu-22575r16-goodyear-cargo-marathon-3-118116r | O42: 64045
A43: 42 | B43: Varejo | C43: 42 | D43: 215/55R18 WRANGLER TERRITORY VW 95V SL | E43: 215/55R18 | F43: SUV / Caminhonete | G43: 91 | H43: Não | I43: Sim | J43: 923856 | K43: 860.16 | L43: https://romapneus.com.br/215-55-r18-territoryvw2 | M43: https://www.pneustore.com.br/pneu-goodyear-aro-18-wrangler-territory-ht-215-55r18-95v-16000536 | N43: https://www.acheipneus.com.br/pneu-215-55r18-goodyear-wrangler-territory-ht-95v-p998228
A44: 43 | B44: Varejo | C44: 43 | D44: 165/70R14 ASSURANCE MAXLIFE 85T XL | E44: 165/70R14 | F44: Passeio | G44: 90 | H44: Não | I44: Sim | J44: 923869 | K44: 463.05 | L44: https://romapneus.com.br/165-70-r14-assurancemaxlife2 | M44: https://www.pneustore.com.br/pneu-goodyear-aro-14-assurance-maxlife-165-70r14-85t-xl-10130234 | N44: https://www.acheipneus.com.br/pneu-165-70r14-goodyear-assurance-maxlife-85t-p996849
A45: 44 | B45: Varejo | C45: 44 | D45: 215/50R17 EAGLE SPORT 2 91V SL | E45: 215/50R17 | F45: Passeio | G45: 86 | H45: Não | I45: Sim | J45: 924071 | K45: 589.53 | L45: https://romapneus.com.br/215-55-r17-eaglesport2 | M45: https://www.pneustore.com.br/pneu-goodyear-aro-17-eagle-sport-2-215-50r17-91v-16015486 | N45: https://www.acheipneus.com.br/pneu-21550r17-goodyear-eagle-sport-2-91v
A46: 45 | B46: Varejo | C46: 45 | D46: 205/70R15C CARGO MARATHON 2 106/104R D | E46: 205/70R15C | F46: Utilitário | G46: 85 | H46: Não | I46: Sim | J46: 923828 | K46: 819.24 | L46: https://romapneus.com.br/205-70r15c-cargo-marathon-2-106-104r-d | M46: https://www.pneustore.com.br/pneu-goodyear-aro-15-cargo-marathon-2-205-70r15c-106-104r-10-lonas-10130192 | N46: https://www.acheipneus.com.br/pneu-205-70r15-goodyear-cargo-marathon-ii-p993835
A47: 46 | B47: Varejo | C47: 46 | D47: 185/55R16 EFFICIENTGRIP PERFORMANCE 83V | E47: 185/55R16 | F47: Passeio | G47: 84 | H47: Não | I47: Sim | J47: 923813 | K47: 680.67 | L47: https://romapneus.com.br/185-55-r16-vefficientgrip1 | M47: https://www.pneustore.com.br/todos?title=Pneu+Goodyear+Aro+16+EfficientGrip+Performance+185%2F55R16+83V&page=1&pageSize=20&sortBy=Relevance | N47: https://www.acheipneus.com.br/pneu-185-55r16-efficientgrip-performance-83v-goodyear-original-honda-fit-city-p988395
A48: 47 | B48: Varejo | C48: 47 | D48: 185/65R14 EDGE TOURING 2 86H SL | E48: 185/65R14 | F48: Passeio | G48: 84 | H48: Não | I48: Sim | J48: 924056 | K48: 427.71 | L48: https://romapneus.com.br/185-65-r14-edgetouring2 | M48: https://www.pneustore.com.br/pneu-kelly-by-goodyear-aro-14-edge-touring-2-185-65r14-86h-16009116 | N48: https://www.acheipneus.com.br/pneu-18565r14-goodyear-kelly-edge-touring-2-86h
A49: 48 | B49: Varejo | C49: 48 | D49: 215/45R18 EAGLE F1 ASYMMETRIC 6 93V XL | E49: 215/45R18 | F49: Passeio | G49: 84 | H49: Não | I49: Sim | J49: 924072 | K49: 806.22 | L49: https://romapneus.com.br/215-45-r18-fasymmetric2 | M49: https://www.pneustore.com.br/pneu-goodyear-aro-18-eagle-f1-asymmetric-6-215-45r18-93v-xl-16009287 | N49: https://www.acheipneus.com.br/pneu-21545r18-goodyear-eagle-f1-asymmetric-6-93v
A50: 49 | B50: Varejo | C50: 49 | D50: 225/50R17 EAGLE SPORT 2 94V SL | E50: 225/50R17 | F50: Passeio | G50: 79 | H50: Não | I50: Sim | J50: 923979 | K50: 617.43 | L50: https://romapneus.com.br/225-50r17-eagle-sport-2-94v-sl | M50: https://www.pneustore.com.br/pneu-goodyear-aro-17-eagle-sport-2-225-50r17-94v-16001788 | N50: https://www.acheipneus.com.br/pneu-225-50r17-goodyear-eagle-sport-2-94v-p999733
A51: 50 | B51: Varejo | C51: 50 | D51: 225/45R17 EDGE SPORT 2 91W SL | E51: 225/45R17 | F51: Passeio | G51: 74 | H51: Sim | I51: Sim | J51: 924045 | K51: 492.81 | L51: https://romapneus.com.br/225-45-r17-edgesport2 | M51: https://www.pneustore.com.br/pneu-kelly-by-goodyear-aro-17-edge-sport-2-225-45r17-91w-16009127 | N51: https://www.acheipneus.com.br/pneu-22545r17-goodyear-kelly-edge-sport-2-91w | O51: 51820
A52: 51 | B52: Varejo | C52: 51 | D52: 185/70R14 ASSURANCE MAXLIFE 88H SL | E52: 185/70R14 | F52: Passeio | G52: 72 | H52: Não | I52: Não | L52: https://romapneus.com.br/185-70r14-assurance-maxlife-88h-sl | M52: https://www.pneustore.com.br/pneu-goodyear-aro-14-assurance-maxlife-185-70r14-88h-10130229 | N52: https://www.acheipneus.com.br/pneu-185-70-r14-assurance-maxlife-88h-achei-pneus-p995730 | P52: Não está no site da Roma
A53: 52 | B53: Varejo | C53: 52 | D53: 185/65R14 ASSURANCE MAXLIFE 86H SL | E53: 185/65R14 | F53: Passeio | G53: 71 | H53: Não | I53: Não | L53: https://romapneus.com.br/185-65r14-assurance-maxlife-86h-sl | M53: https://www.pneustore.com.br/pneu-goodyear-aro-14-assurance-maxlife-185-65r14-86h-10130227 | N53: https://www.acheipneus.com.br/pneu-185-65r14-goodyear-assurance-maxlife-86h-p998320 | P53: Não está no site da Roma
A54: 53 | B54: Varejo | C54: 53 | D54: 225/65R16C G32 CARGO 112/110R D SL | E54: 225/65R16C | F54: Utilitário | G54: 67 | H54: Não | I54: Não | L54: https://romapneus.com.br/225-65r16c-g32-cargo-112-110r-d-sl | M54: https://www.pneustore.com.br/pneu-goodyear-aro-16-g32-cargo-225-65r16c-112-110r-8-lonas-10130032 | N54: https://www.acheipneus.com.br/pneu-225-65r16c-g32-cargo-112r-goodyear-p988177 | P54: Não está no site da Roma
A55: 54 | B55: Varejo | C55: 54 | D55: 195/60R15 KELLY EDGE SPORT 2 88V SL | E55: 195/60R15 | F55: Passeio | G55: 65 | H55: Não | I55: Sim | J55: 924052 | K55: 483.51 | L55: https://romapneus.com.br/185-60-r15-edgesport2 | M55: https://www.pneustore.com.br/pneu-kelly-by-goodyear-aro-15-edge-sport-2-195-60r15-88v-16009119 | N55: https://www.acheipneus.com.br/pneu-19560r15-goodyear-kelly-edge-sport-2-88v
A56: 55 | B56: Varejo | C56: 55 | D56: 225/45R17 EFFICIENTGRIP PERF 94W XL | E56: 225/45R17 | F56: Passeio | G56: 65 | H56: Não | I56: Sim | J56: 923791 | K56: 623.01 | L56: https://romapneus.com.br/225-45-r17-efficientgripperf2 | M56: https://www.pneustore.com.br/pneu-goodyear-aro-17-efficientgrip-performance-225-45r17-94w-xl-10130090 | N56: https://www.acheipneus.com.br/pneu-225-45-r17-goodyear-efficientgrip-performance-94w-p987739
A57: 56 | B57: Varejo | C57: 56 | D57: 195/60R16 EAGLE TOURING 89H FCA | E57: 195/60R16 | F57: Passeio | G57: 64 | H57: Não | I57: Sim | J57: 923942 | K57: 704.85 | L57: https://romapneus.com.br/195-60-r16-eagletouring1 | M57: https://www.pneustore.com.br/pneu-goodyear-aro-16-eagle-touring-195-60r16-89h-16001150 | N57: https://www.acheipneus.com.br/pneu-195-60r16-goodyear-eagle-touring-89h-p998365
A58: 57 | B58: Varejo | C58: 57 | D58: 195/55R16 EAGLE SPORT 2 91V XL | E58: 195/55R16 | F58: Passeio | G58: 63 | H58: Não | I58: Sim | J58: 923977 | K58: 627.66 | L58: https://romapneus.com.br/195-55-r16-eaglesport1 | M58: https://www.pneustore.com.br/pneu-goodyear-aro-16-eagle-sport-2-195-55r16-91v-xl-16002678 | N58: https://www.acheipneus.com.br/pneu-205-55r16-goodyear-eagle-sport-2-91v-p998372
A59: 58 | B59: Varejo | C59: 58 | D59: 225/45R17 EAGLE SPORT 2 94W XL | E59: 225/45R17 | F59: Passeio | G59: 61 | H59: Não | I59: Não | L59: https://romapneus.com.br/225-45r17-eagle-sport-2-94w-xl | M59: https://www.pneustore.com.br/pneu-goodyear-aro-17-eagle-sport-2-225-45r17-94w-xl-16015485 | N59: https://www.acheipneus.com.br/pneu-22545r17-goodyear-eagle-sport-2-94w | P59: Não está no site da Roma; Mesmo pneu aparece no Varejo e na Distribuição (BC74)
A60: 59 | B60: Varejo | C60: 59 | D60: 235/60R16 WRANGLER FORTITUDE HT 100H SL | E60: 235/60R16 | F60: SUV / Caminhonete | G60: 60 | H60: Não | I60: Sim | J60: 923912 | K60: 771.81 | L60: https://romapneus.com.br/235-60-r16-fortitudeht2 | M60: https://www.pneustore.com.br/pneu-goodyear-aro-16-wrangler-fortitude-ht-235-60r16-100h-16000526 | N60: https://www.acheipneus.com.br/pneu-235-60r16-goodyear-wrangler-fortitude-100h-p996415
A61: 60 | B61: Distribuição | C61: 1 | D61: 225/75R16C CARGO MARATHON 3 118R E CC72 | E61: 225/75R16C | F61: Utilitário | G61: 96 | H61: Não | I61: Não | L61: https://romapneus.com.br/225-75r16c-cargo-marathon-3-118r-e-cc72 | M61: https://www.pneustore.com.br/pneu-goodyear-aro-16-cargo-marathon-3-225-75r16c-118-116r-10-lonas-16037526 | N61: https://www.acheipneus.com.br/pneu-22575r16-goodyear-cargo-marathon-3-118116r | P61: Não está no site da Roma
A62: 61 | B62: Distribuição | C62: 2 | D62: 215/75R17.5 REGIONAL RHS 126/124L F | E62: 215/75R17.5 | F62: Carga (caminhão/ônibus) | G62: 55 | H62: Não | I62: Não | L62: https://romapneus.com.br/215-75r17-5-regional-rhs-126-124l-f | M62: https://www.pneustore.com.br/pneu-goodyear-aro-17-5-regional-rhs-215-75r17-5-126-124l-9070013 | P62: Pneu de carga: concorrentes B2C podem não vender; Não está no site da Roma
A63: 62 | B63: Distribuição | C63: 3 | D63: 235/65R16C CARGO MARAT 2 121/119R E | E63: 235/65R16C | F63: Utilitário | G63: 49 | H63: Não | I63: Não | L63: https://romapneus.com.br/235-65r16c-cargo-marat-2-121-119r-e | M63: https://www.pneustore.com.br/pneu-goodyear-aro-16-cargo-marathon-2-235-65r16c-121-119r-10-lonas-16001718 | N63: https://www.acheipneus.com.br/pneu-235-65r16c-goodyear-cargo-marathon-ii-121-119r-p1000417 | P63: Não está no site da Roma
A64: 63 | B64: Distribuição | C64: 4 | D64: 215/75R17.5 AGS 126/124L F | E64: 215/75R17.5 | F64: Carga (caminhão/ônibus) | G64: 47 | H64: Não | I64: Não | L64: https://romapneus.com.br/215-75r17-5-ags-126-124l-f | M64: https://www.pneustore.com.br/pneu-goodyear-aro-17-5-steelmark-ags-215-75r17-5-126-124l-9070011 | P64: Pneu de carga: concorrentes B2C podem não vender; Não está no site da Roma
A65: 64 | B65: Distribuição | C65: 5 | D65: 195/70R15C CARGO MARA 2 104/102R D | E65: 195/70R15C | F65: Utilitário | G65: 42 | H65: Não | I65: Não | L65: https://romapneus.com.br/195-70r15c-cargo-mara-2-104-102r-d | M65: https://www.pneustore.com.br/pneu-goodyear-aro-15-cargo-marathon-2-195-70r15c-104-102r-10-lonas-16000845 | N65: https://www.acheipneus.com.br/pneu-195-70r15-goodyear-cargo-marathon-ii-104-102r-p993826 | P65: Não está no site da Roma
A66: 65 | B66: Distribuição | C66: 6 | D66: 235/60R18 WRANGLER FORTITUDE HT 103V SL | E66: 235/60R18 | F66: SUV / Caminhonete | G66: 39 | H66: Não | I66: Sim | J66: 923910 | K66: 1053.6 | L66: https://romapneus.com.br/235-65-r18-fortitudeht2 | M66: https://www.pneustore.com.br/pneu-goodyear-aro-18-wrangler-fortitude-ht-235-60r18-103v-16000511 | N66: https://www.acheipneus.com.br/pneu-235-60-r18-goodyear-wrangler-fortitude-103v-p996140
A67: 66 | B67: Distribuição | C67: 7 | D67: 275/80R22.5 149/146L STM AGS | E67: 275/80R22.5 | F67: Carga (caminhão/ônibus) | G67: 35 | H67: Não | I67: Não | L67: https://romapneus.com.br/275-80r22-5-149-146l-stm-ags | M67: https://www.pneustore.com.br/pneu-goodyear-aro-22-5-steelmark-ags-275-80r22-5-149-146l-tl-9070006 | P67: Pneu de carga: concorrentes B2C podem não vender; Não está no site da Roma
A68: 67 | B68: Distribuição | C68: 8 | D68: 235/75R17.5 REGIONAL RHS 132/130L H | E68: 235/75R17.5 | F68: Carga (caminhão/ônibus) | G68: 34 | H68: Não | I68: Não | L68: https://romapneus.com.br/235-75r17-5-regional-rhs-132-130l-h | M68: https://www.pneustore.com.br/pneu-goodyear-aro-17-5-regional-rhs-235-75r17-5-132-130l-tl-9070026 | P68: Pneu de carga: concorrentes B2C podem não vender; Não está no site da Roma
A69: 68 | B69: Distribuição | C69: 9 | D69: 235/60R16 EDGE SUV 2 100H SL | E69: 235/60R16 | F69: SUV / Caminhonete | G69: 28 | H69: Não | I69: Sim | J69: 924062 | K69: 678.81 | L69: https://romapneus.com.br/235-60-r16-edgesuv2 | M69: https://www.pneustore.com.br/pneu-kelly-by-goodyear-aro-16-edge-suv-2-235-60r16-100h-16009121 | N69: https://www.acheipneus.com.br/pneu-23560r16-goodyear-kelly-edge-suv-2-100h
A70: 69 | B70: Distribuição | C70: 10 | D70: 225/45R17 EAGLE SPORT 2 94W XL BC74 | E70: 225/45R17 | F70: Passeio | G70: 27 | H70: Não | I70: Não | L70: https://romapneus.com.br/225-45r17-eagle-sport-2-94w-xl-bc74 | M70: https://www.pneustore.com.br/pneu-goodyear-aro-17-eagle-sport-2-225-45r17-94w-xl-16015485 | N70: https://www.acheipneus.com.br/pneu-22545r17-goodyear-eagle-sport-2-94w | P70: Não está no site da Roma; Mesmo pneu aparece no Varejo e na Distribuição (BC74)
A71: 70 | B71: Distribuição | C71: 11 | D71: 275/80R22.5 KMAX S GEN-2 149/146L H DC71 | E71: 275/80R22.5 | F71: Carga (caminhão/ônibus) | G71: 24 | H71: Não | I71: Não | L71: https://romapneus.com.br/275-80r22-5-kmax-s-gen-2-149-146l-h-dc71 | M71: https://www.pneustore.com.br/pneu-goodyear-aro-22-5-kmax-d-275-80r22-5-149-146l-9070015 | P71: Pneu de carga: concorrentes B2C podem não vender; Não está no site da Roma
A72: 71 | B72: Distribuição | C72: 12 | D72: 9.00-20 14L TT PAPALEGUA G8 | E72: 9.00-20 | F72: Carga (caminhão/ônibus) | G72: 23 | H72: Não | I72: Não | P72: Pneu de carga: concorrentes B2C podem não vender; Não está no site da Roma
A73: 72 | B73: Distribuição | C73: 13 | D73: 235/55R18 EFFICIENTGRIP SUV 104V XL | E73: 235/55R18 | F73: SUV / Caminhonete | G73: 22 | H73: Não | I73: Sim | J73: 923810 | K73: 1311.21 | L73: https://romapneus.com.br/235-55-r18-efficientgripsuv2 | M73: https://www.pneustore.com.br/pneu-goodyear-aro-18-efficientgrip-suv-235-55r18-104v-xl-10130208 | N73: https://www.acheipneus.com.br/pneu-235-55r18-efficientgrip-suv-104v-goodyear-p988678 | O73: https://www.acheipneus.com.br/pneu-235-55r18-efficientgrip-suv-104v-goodyear-p988678
